<?xml version="1.0" encoding="utf-8"?>
<hibernate-configuration>
   <session-factory>
   
      <property name="hibernate.dialect">
         org.hibernate.dialect.MySQL8Dialect
      </property>
      
      <property name="hibernate.connection.driver_class">
         com.mysql.cj.jdbc.Driver
      </property>
      
      <property name="hibernate.connection.url">
         jdbc:mysql://localhost:3306/PracLogin
      </property>
      
      <property name="hibernate.connection.username">
         root
      </property>
      
      <property name="hibernate.connection.password">
         rama1234$R
      </property>
      
      <property name="hibernate.hbm2ddl.auto">update</property>
      
      <!-- List of XML mapping files -->
      
   </session-factory>
</hibernate-configuration>
 